login,id,node_id,avatar_url,gravatar_id,url,html_url,followers_url,following_url,gists_url,starred_url,subscriptions_url,organizations_url,repos_url,events_url,received_events_url,type,site_admin
phofl,61934744,MDQ6VXNlcjYxOTM0NzQ0,https://avatars.githubusercontent.com/u/61934744?v=4,,https://api.github.com/users/phofl,https://github.com/phofl,https://api.github.com/users/phofl/followers,https://api.github.com/users/phofl/following{/other_user},https://api.github.com/users/phofl/gists{/gist_id},https://api.github.com/users/phofl/starred{/owner}{/repo},https://api.github.com/users/phofl/subscriptions,https://api.github.com/users/phofl/orgs,https://api.github.com/users/phofl/repos,https://api.github.com/users/phofl/events{/privacy},https://api.github.com/users/phofl/received_events,User,False
jbrockmendel,8078968,MDQ6VXNlcjgwNzg5Njg=,https://avatars.githubusercontent.com/u/8078968?v=4,,https://api.github.com/users/jbrockmendel,https://github.com/jbrockmendel,https://api.github.com/users/jbrockmendel/followers,https://api.github.com/users/jbrockmendel/following{/other_user},https://api.github.com/users/jbrockmendel/gists{/gist_id},https://api.github.com/users/jbrockmendel/starred{/owner}{/repo},https://api.github.com/users/jbrockmendel/subscriptions,https://api.github.com/users/jbrockmendel/orgs,https://api.github.com/users/jbrockmendel/repos,https://api.github.com/users/jbrockmendel/events{/privacy},https://api.github.com/users/jbrockmendel/received_events,User,False
jbrockmendel,8078968,MDQ6VXNlcjgwNzg5Njg=,https://avatars.githubusercontent.com/u/8078968?v=4,,https://api.github.com/users/jbrockmendel,https://github.com/jbrockmendel,https://api.github.com/users/jbrockmendel/followers,https://api.github.com/users/jbrockmendel/following{/other_user},https://api.github.com/users/jbrockmendel/gists{/gist_id},https://api.github.com/users/jbrockmendel/starred{/owner}{/repo},https://api.github.com/users/jbrockmendel/subscriptions,https://api.github.com/users/jbrockmendel/orgs,https://api.github.com/users/jbrockmendel/repos,https://api.github.com/users/jbrockmendel/events{/privacy},https://api.github.com/users/jbrockmendel/received_events,User,False
jbrockmendel,8078968,MDQ6VXNlcjgwNzg5Njg=,https://avatars.githubusercontent.com/u/8078968?v=4,,https://api.github.com/users/jbrockmendel,https://github.com/jbrockmendel,https://api.github.com/users/jbrockmendel/followers,https://api.github.com/users/jbrockmendel/following{/other_user},https://api.github.com/users/jbrockmendel/gists{/gist_id},https://api.github.com/users/jbrockmendel/starred{/owner}{/repo},https://api.github.com/users/jbrockmendel/subscriptions,https://api.github.com/users/jbrockmendel/orgs,https://api.github.com/users/jbrockmendel/repos,https://api.github.com/users/jbrockmendel/events{/privacy},https://api.github.com/users/jbrockmendel/received_events,User,False
mroeschke,10647082,MDQ6VXNlcjEwNjQ3MDgy,https://avatars.githubusercontent.com/u/10647082?v=4,,https://api.github.com/users/mroeschke,https://github.com/mroeschke,https://api.github.com/users/mroeschke/followers,https://api.github.com/users/mroeschke/following{/other_user},https://api.github.com/users/mroeschke/gists{/gist_id},https://api.github.com/users/mroeschke/starred{/owner}{/repo},https://api.github.com/users/mroeschke/subscriptions,https://api.github.com/users/mroeschke/orgs,https://api.github.com/users/mroeschke/repos,https://api.github.com/users/mroeschke/events{/privacy},https://api.github.com/users/mroeschke/received_events,User,False
phofl,61934744,MDQ6VXNlcjYxOTM0NzQ0,https://avatars.githubusercontent.com/u/61934744?v=4,,https://api.github.com/users/phofl,https://github.com/phofl,https://api.github.com/users/phofl/followers,https://api.github.com/users/phofl/following{/other_user},https://api.github.com/users/phofl/gists{/gist_id},https://api.github.com/users/phofl/starred{/owner}{/repo},https://api.github.com/users/phofl/subscriptions,https://api.github.com/users/phofl/orgs,https://api.github.com/users/phofl/repos,https://api.github.com/users/phofl/events{/privacy},https://api.github.com/users/phofl/received_events,User,False
jbrockmendel,8078968,MDQ6VXNlcjgwNzg5Njg=,https://avatars.githubusercontent.com/u/8078968?v=4,,https://api.github.com/users/jbrockmendel,https://github.com/jbrockmendel,https://api.github.com/users/jbrockmendel/followers,https://api.github.com/users/jbrockmendel/following{/other_user},https://api.github.com/users/jbrockmendel/gists{/gist_id},https://api.github.com/users/jbrockmendel/starred{/owner}{/repo},https://api.github.com/users/jbrockmendel/subscriptions,https://api.github.com/users/jbrockmendel/orgs,https://api.github.com/users/jbrockmendel/repos,https://api.github.com/users/jbrockmendel/events{/privacy},https://api.github.com/users/jbrockmendel/received_events,User,False
TraverseTowner,16629450,MDQ6VXNlcjE2NjI5NDUw,https://avatars.githubusercontent.com/u/16629450?v=4,,https://api.github.com/users/TraverseTowner,https://github.com/TraverseTowner,https://api.github.com/users/TraverseTowner/followers,https://api.github.com/users/TraverseTowner/following{/other_user},https://api.github.com/users/TraverseTowner/gists{/gist_id},https://api.github.com/users/TraverseTowner/starred{/owner}{/repo},https://api.github.com/users/TraverseTowner/subscriptions,https://api.github.com/users/TraverseTowner/orgs,https://api.github.com/users/TraverseTowner/repos,https://api.github.com/users/TraverseTowner/events{/privacy},https://api.github.com/users/TraverseTowner/received_events,User,False
MarcoGorelli,33491632,MDQ6VXNlcjMzNDkxNjMy,https://avatars.githubusercontent.com/u/33491632?v=4,,https://api.github.com/users/MarcoGorelli,https://github.com/MarcoGorelli,https://api.github.com/users/MarcoGorelli/followers,https://api.github.com/users/MarcoGorelli/following{/other_user},https://api.github.com/users/MarcoGorelli/gists{/gist_id},https://api.github.com/users/MarcoGorelli/starred{/owner}{/repo},https://api.github.com/users/MarcoGorelli/subscriptions,https://api.github.com/users/MarcoGorelli/orgs,https://api.github.com/users/MarcoGorelli/repos,https://api.github.com/users/MarcoGorelli/events{/privacy},https://api.github.com/users/MarcoGorelli/received_events,User,False
DonSeger,94080584,U_kgDOBZuOSA,https://avatars.githubusercontent.com/u/94080584?v=4,,https://api.github.com/users/DonSeger,https://github.com/DonSeger,https://api.github.com/users/DonSeger/followers,https://api.github.com/users/DonSeger/following{/other_user},https://api.github.com/users/DonSeger/gists{/gist_id},https://api.github.com/users/DonSeger/starred{/owner}{/repo},https://api.github.com/users/DonSeger/subscriptions,https://api.github.com/users/DonSeger/orgs,https://api.github.com/users/DonSeger/repos,https://api.github.com/users/DonSeger/events{/privacy},https://api.github.com/users/DonSeger/received_events,User,False
MarcoGorelli,33491632,MDQ6VXNlcjMzNDkxNjMy,https://avatars.githubusercontent.com/u/33491632?v=4,,https://api.github.com/users/MarcoGorelli,https://github.com/MarcoGorelli,https://api.github.com/users/MarcoGorelli/followers,https://api.github.com/users/MarcoGorelli/following{/other_user},https://api.github.com/users/MarcoGorelli/gists{/gist_id},https://api.github.com/users/MarcoGorelli/starred{/owner}{/repo},https://api.github.com/users/MarcoGorelli/subscriptions,https://api.github.com/users/MarcoGorelli/orgs,https://api.github.com/users/MarcoGorelli/repos,https://api.github.com/users/MarcoGorelli/events{/privacy},https://api.github.com/users/MarcoGorelli/received_events,User,False
oxlade39,144005,MDQ6VXNlcjE0NDAwNQ==,https://avatars.githubusercontent.com/u/144005?v=4,,https://api.github.com/users/oxlade39,https://github.com/oxlade39,https://api.github.com/users/oxlade39/followers,https://api.github.com/users/oxlade39/following{/other_user},https://api.github.com/users/oxlade39/gists{/gist_id},https://api.github.com/users/oxlade39/starred{/owner}{/repo},https://api.github.com/users/oxlade39/subscriptions,https://api.github.com/users/oxlade39/orgs,https://api.github.com/users/oxlade39/repos,https://api.github.com/users/oxlade39/events{/privacy},https://api.github.com/users/oxlade39/received_events,User,False
ChristopheBernard,14012015,MDQ6VXNlcjE0MDEyMDE1,https://avatars.githubusercontent.com/u/14012015?v=4,,https://api.github.com/users/ChristopheBernard,https://github.com/ChristopheBernard,https://api.github.com/users/ChristopheBernard/followers,https://api.github.com/users/ChristopheBernard/following{/other_user},https://api.github.com/users/ChristopheBernard/gists{/gist_id},https://api.github.com/users/ChristopheBernard/starred{/owner}{/repo},https://api.github.com/users/ChristopheBernard/subscriptions,https://api.github.com/users/ChristopheBernard/orgs,https://api.github.com/users/ChristopheBernard/repos,https://api.github.com/users/ChristopheBernard/events{/privacy},https://api.github.com/users/ChristopheBernard/received_events,User,False
glemaitre,7454015,MDQ6VXNlcjc0NTQwMTU=,https://avatars.githubusercontent.com/u/7454015?v=4,,https://api.github.com/users/glemaitre,https://github.com/glemaitre,https://api.github.com/users/glemaitre/followers,https://api.github.com/users/glemaitre/following{/other_user},https://api.github.com/users/glemaitre/gists{/gist_id},https://api.github.com/users/glemaitre/starred{/owner}{/repo},https://api.github.com/users/glemaitre/subscriptions,https://api.github.com/users/glemaitre/orgs,https://api.github.com/users/glemaitre/repos,https://api.github.com/users/glemaitre/events{/privacy},https://api.github.com/users/glemaitre/received_events,User,False
WillAyd,609873,MDQ6VXNlcjYwOTg3Mw==,https://avatars.githubusercontent.com/u/609873?v=4,,https://api.github.com/users/WillAyd,https://github.com/WillAyd,https://api.github.com/users/WillAyd/followers,https://api.github.com/users/WillAyd/following{/other_user},https://api.github.com/users/WillAyd/gists{/gist_id},https://api.github.com/users/WillAyd/starred{/owner}{/repo},https://api.github.com/users/WillAyd/subscriptions,https://api.github.com/users/WillAyd/orgs,https://api.github.com/users/WillAyd/repos,https://api.github.com/users/WillAyd/events{/privacy},https://api.github.com/users/WillAyd/received_events,User,False
twoertwein,6618166,MDQ6VXNlcjY2MTgxNjY=,https://avatars.githubusercontent.com/u/6618166?v=4,,https://api.github.com/users/twoertwein,https://github.com/twoertwein,https://api.github.com/users/twoertwein/followers,https://api.github.com/users/twoertwein/following{/other_user},https://api.github.com/users/twoertwein/gists{/gist_id},https://api.github.com/users/twoertwein/starred{/owner}{/repo},https://api.github.com/users/twoertwein/subscriptions,https://api.github.com/users/twoertwein/orgs,https://api.github.com/users/twoertwein/repos,https://api.github.com/users/twoertwein/events{/privacy},https://api.github.com/users/twoertwein/received_events,User,False
mroeschke,10647082,MDQ6VXNlcjEwNjQ3MDgy,https://avatars.githubusercontent.com/u/10647082?v=4,,https://api.github.com/users/mroeschke,https://github.com/mroeschke,https://api.github.com/users/mroeschke/followers,https://api.github.com/users/mroeschke/following{/other_user},https://api.github.com/users/mroeschke/gists{/gist_id},https://api.github.com/users/mroeschke/starred{/owner}{/repo},https://api.github.com/users/mroeschke/subscriptions,https://api.github.com/users/mroeschke/orgs,https://api.github.com/users/mroeschke/repos,https://api.github.com/users/mroeschke/events{/privacy},https://api.github.com/users/mroeschke/received_events,User,False
Sanix-Darker,22576758,MDQ6VXNlcjIyNTc2NzU4,https://avatars.githubusercontent.com/u/22576758?v=4,,https://api.github.com/users/Sanix-Darker,https://github.com/Sanix-Darker,https://api.github.com/users/Sanix-Darker/followers,https://api.github.com/users/Sanix-Darker/following{/other_user},https://api.github.com/users/Sanix-Darker/gists{/gist_id},https://api.github.com/users/Sanix-Darker/starred{/owner}{/repo},https://api.github.com/users/Sanix-Darker/subscriptions,https://api.github.com/users/Sanix-Darker/orgs,https://api.github.com/users/Sanix-Darker/repos,https://api.github.com/users/Sanix-Darker/events{/privacy},https://api.github.com/users/Sanix-Darker/received_events,User,False
simonjayhawkins,13159005,MDQ6VXNlcjEzMTU5MDA1,https://avatars.githubusercontent.com/u/13159005?v=4,,https://api.github.com/users/simonjayhawkins,https://github.com/simonjayhawkins,https://api.github.com/users/simonjayhawkins/followers,https://api.github.com/users/simonjayhawkins/following{/other_user},https://api.github.com/users/simonjayhawkins/gists{/gist_id},https://api.github.com/users/simonjayhawkins/starred{/owner}{/repo},https://api.github.com/users/simonjayhawkins/subscriptions,https://api.github.com/users/simonjayhawkins/orgs,https://api.github.com/users/simonjayhawkins/repos,https://api.github.com/users/simonjayhawkins/events{/privacy},https://api.github.com/users/simonjayhawkins/received_events,User,False
jorisvandenbossche,1020496,MDQ6VXNlcjEwMjA0OTY=,https://avatars.githubusercontent.com/u/1020496?v=4,,https://api.github.com/users/jorisvandenbossche,https://github.com/jorisvandenbossche,https://api.github.com/users/jorisvandenbossche/followers,https://api.github.com/users/jorisvandenbossche/following{/other_user},https://api.github.com/users/jorisvandenbossche/gists{/gist_id},https://api.github.com/users/jorisvandenbossche/starred{/owner}{/repo},https://api.github.com/users/jorisvandenbossche/subscriptions,https://api.github.com/users/jorisvandenbossche/orgs,https://api.github.com/users/jorisvandenbossche/repos,https://api.github.com/users/jorisvandenbossche/events{/privacy},https://api.github.com/users/jorisvandenbossche/received_events,User,False
tehunter,7980666,MDQ6VXNlcjc5ODA2NjY=,https://avatars.githubusercontent.com/u/7980666?v=4,,https://api.github.com/users/tehunter,https://github.com/tehunter,https://api.github.com/users/tehunter/followers,https://api.github.com/users/tehunter/following{/other_user},https://api.github.com/users/tehunter/gists{/gist_id},https://api.github.com/users/tehunter/starred{/owner}{/repo},https://api.github.com/users/tehunter/subscriptions,https://api.github.com/users/tehunter/orgs,https://api.github.com/users/tehunter/repos,https://api.github.com/users/tehunter/events{/privacy},https://api.github.com/users/tehunter/received_events,User,False
JeanLescut,15925379,MDQ6VXNlcjE1OTI1Mzc5,https://avatars.githubusercontent.com/u/15925379?v=4,,https://api.github.com/users/JeanLescut,https://github.com/JeanLescut,https://api.github.com/users/JeanLescut/followers,https://api.github.com/users/JeanLescut/following{/other_user},https://api.github.com/users/JeanLescut/gists{/gist_id},https://api.github.com/users/JeanLescut/starred{/owner}{/repo},https://api.github.com/users/JeanLescut/subscriptions,https://api.github.com/users/JeanLescut/orgs,https://api.github.com/users/JeanLescut/repos,https://api.github.com/users/JeanLescut/events{/privacy},https://api.github.com/users/JeanLescut/received_events,User,False
phofl,61934744,MDQ6VXNlcjYxOTM0NzQ0,https://avatars.githubusercontent.com/u/61934744?v=4,,https://api.github.com/users/phofl,https://github.com/phofl,https://api.github.com/users/phofl/followers,https://api.github.com/users/phofl/following{/other_user},https://api.github.com/users/phofl/gists{/gist_id},https://api.github.com/users/phofl/starred{/owner}{/repo},https://api.github.com/users/phofl/subscriptions,https://api.github.com/users/phofl/orgs,https://api.github.com/users/phofl/repos,https://api.github.com/users/phofl/events{/privacy},https://api.github.com/users/phofl/received_events,User,False
phofl,61934744,MDQ6VXNlcjYxOTM0NzQ0,https://avatars.githubusercontent.com/u/61934744?v=4,,https://api.github.com/users/phofl,https://github.com/phofl,https://api.github.com/users/phofl/followers,https://api.github.com/users/phofl/following{/other_user},https://api.github.com/users/phofl/gists{/gist_id},https://api.github.com/users/phofl/starred{/owner}{/repo},https://api.github.com/users/phofl/subscriptions,https://api.github.com/users/phofl/orgs,https://api.github.com/users/phofl/repos,https://api.github.com/users/phofl/events{/privacy},https://api.github.com/users/phofl/received_events,User,False
wany-oh,98004396,U_kgDOBddtrA,https://avatars.githubusercontent.com/u/98004396?v=4,,https://api.github.com/users/wany-oh,https://github.com/wany-oh,https://api.github.com/users/wany-oh/followers,https://api.github.com/users/wany-oh/following{/other_user},https://api.github.com/users/wany-oh/gists{/gist_id},https://api.github.com/users/wany-oh/starred{/owner}{/repo},https://api.github.com/users/wany-oh/subscriptions,https://api.github.com/users/wany-oh/orgs,https://api.github.com/users/wany-oh/repos,https://api.github.com/users/wany-oh/events{/privacy},https://api.github.com/users/wany-oh/received_events,User,False
phofl,61934744,MDQ6VXNlcjYxOTM0NzQ0,https://avatars.githubusercontent.com/u/61934744?v=4,,https://api.github.com/users/phofl,https://github.com/phofl,https://api.github.com/users/phofl/followers,https://api.github.com/users/phofl/following{/other_user},https://api.github.com/users/phofl/gists{/gist_id},https://api.github.com/users/phofl/starred{/owner}{/repo},https://api.github.com/users/phofl/subscriptions,https://api.github.com/users/phofl/orgs,https://api.github.com/users/phofl/repos,https://api.github.com/users/phofl/events{/privacy},https://api.github.com/users/phofl/received_events,User,False
jonashaag,175722,MDQ6VXNlcjE3NTcyMg==,https://avatars.githubusercontent.com/u/175722?v=4,,https://api.github.com/users/jonashaag,https://github.com/jonashaag,https://api.github.com/users/jonashaag/followers,https://api.github.com/users/jonashaag/following{/other_user},https://api.github.com/users/jonashaag/gists{/gist_id},https://api.github.com/users/jonashaag/starred{/owner}{/repo},https://api.github.com/users/jonashaag/subscriptions,https://api.github.com/users/jonashaag/orgs,https://api.github.com/users/jonashaag/repos,https://api.github.com/users/jonashaag/events{/privacy},https://api.github.com/users/jonashaag/received_events,User,False
mroeschke,10647082,MDQ6VXNlcjEwNjQ3MDgy,https://avatars.githubusercontent.com/u/10647082?v=4,,https://api.github.com/users/mroeschke,https://github.com/mroeschke,https://api.github.com/users/mroeschke/followers,https://api.github.com/users/mroeschke/following{/other_user},https://api.github.com/users/mroeschke/gists{/gist_id},https://api.github.com/users/mroeschke/starred{/owner}{/repo},https://api.github.com/users/mroeschke/subscriptions,https://api.github.com/users/mroeschke/orgs,https://api.github.com/users/mroeschke/repos,https://api.github.com/users/mroeschke/events{/privacy},https://api.github.com/users/mroeschke/received_events,User,False
aamnv,33473597,MDQ6VXNlcjMzNDczNTk3,https://avatars.githubusercontent.com/u/33473597?v=4,,https://api.github.com/users/aamnv,https://github.com/aamnv,https://api.github.com/users/aamnv/followers,https://api.github.com/users/aamnv/following{/other_user},https://api.github.com/users/aamnv/gists{/gist_id},https://api.github.com/users/aamnv/starred{/owner}{/repo},https://api.github.com/users/aamnv/subscriptions,https://api.github.com/users/aamnv/orgs,https://api.github.com/users/aamnv/repos,https://api.github.com/users/aamnv/events{/privacy},https://api.github.com/users/aamnv/received_events,User,False
tehunter,7980666,MDQ6VXNlcjc5ODA2NjY=,https://avatars.githubusercontent.com/u/7980666?v=4,,https://api.github.com/users/tehunter,https://github.com/tehunter,https://api.github.com/users/tehunter/followers,https://api.github.com/users/tehunter/following{/other_user},https://api.github.com/users/tehunter/gists{/gist_id},https://api.github.com/users/tehunter/starred{/owner}{/repo},https://api.github.com/users/tehunter/subscriptions,https://api.github.com/users/tehunter/orgs,https://api.github.com/users/tehunter/repos,https://api.github.com/users/tehunter/events{/privacy},https://api.github.com/users/tehunter/received_events,User,False
